st_brand_id,brand_name,product_name
1,Gucci,Jeans1
2,New Balance,Heels2
3,PotteryBarn,Bed3
4,HP,Smartwatch4
5,HamiltonBeach,Toaster5
6,Versace,Jeans6
7,Crocs,Sandals7
8,WestElm,Wardrobe8
9,Samsung,Smartwatch9
10,Black+Decker,Toaster10
11,Versace,Sweater11
12,New Balance,Sneakers12
13,Haverty,Sofa13
14,Samsung,Phone14
15,Smeg,Toaster15
16,Nike,Jeans16
17,Vans,Heels17
18,Crate&Barrel,Wardrobe18
19,Asus,Laptop19
20,Whirlpool,Kettle20
21,Puma,Shirt21
22,Timberland,Sneakers22
23,Wayfair,Sofa23
24,Oppo,Headphones24
25,Panasonic,Toaster25
26,Nike,Jeans26
27,Reebok,Loafers27
28,Haverty,Sofa28
29,HP,Laptop29
30,Black+Decker,Oven30
31,Versace,Sweater31
32,Timberland,Loafers32
33,Haverty,Table33
34,Apple,Laptop34
35,Philips,Mixer35
36,Zara,Tshirt36
37,Vans,Sneakers37
38,RestorationHardware,Wardrobe38
39,LG,Smartwatch39
40,Philips,Mixer40
41,Gucci,Jeans41
42,Vans,Loafers42
43,RestorationHardware,Wardrobe43
44,Dell,Camera44
45,KitchenAid,Mixer45
46,Levis,Shirt46
47,Timberland,Heels47
48,RestorationHardware,Wardrobe48
49,Asus,Phone49
50,KitchenAid,Mixer50
51,Gucci,Jeans51
52,New Balance,Boots52
53,Wayfair,Table53
,Dell,Smartwatch54
55,KitchenAid,Kettle55
56,H&M,Jeans56
57,Adidas,Loafers57
58,Haverty,Table58
59,Apple,Headphones59
60,Black+Decker,Mixer60
61,Uniqlo,Jeans61
62,Vans,Loafers62
63,La-Z-Boy,Sofa63
64,Apple,Smartwatch64
65,Black+Decker,Mixer65
66,Gucci,Tshirt66
67,Timberland,Loafers67
68,Crate&Barrel,Table68
69,Oppo,Phone69
70,HamiltonBeach,Toaster70
71,H&M,Jacket71
72,Skechers,Heels72
73,Ikea,Sofa73
74,LG,Smartwatch74
75,KitchenAid,Blender75
76,Levis,Shirt76
77,Reebok,Loafers77
78,Wayfair,Chair78
79,LG,Smartwatch79
80,KitchenAid,Toaster80
81,Uniqlo,Sweater81
82,Vans,Sandals82
83,WestElm,Chair83
84,Lenovo,Phone84
85,Philips,Toaster85
86,Adidas,Jeans86
87,Nike,Sneakers87
88,Ikea,Bed88
89,Dell,Smartwatch89
90,Black+Decker,Mixer90
91,Versace,Shirt91
92,Clarks,Boots92
93,CB2,Bed93
94,LG,Smartwatch94
95,Panasonic,Kettle95
96,Levis,Sweater96
97,Reebok,Heels97
98,Ashley,Bed98
99,Samsung,Laptop99
100,Cuisinart,Kettle100
101,Nike,Jacket101
101,New Balance,Boots102
102,RestorationHardware,Bed103
103,Sony,Phone104
104,HamiltonBeach,Blender105
105,Zara,Shirt106
106,Adidas,Sneakers107
107,CB2,Chair108
108,Xiaomi,Camera109
109,HamiltonBeach,Kettle110
110,Uniqlo,Jacket111
111,Adidas,Heels112
112,CB2,Table113
113,Xiaomi,Phone114
114,Black+Decker,Kettle115
115,Versace,Tshirt116
116,Clarks,Sandals117
117,La-Z-Boy,Sofa118
118,HP,Smartwatch119
119,Whirlpool,Blender120
120,Gucci,Jacket121
121,Converse,Heels122
122,Haverty,Chair123
123,Lenovo,Headphones124
124,Cuisinart,Toaster125
125,Levis,Jeans126
126,New Balance,Loafers127
127,Ikea,Bed128
128,Xiaomi,Smartwatch129
129,Cuisinart,Kettle130
130,Uniqlo,Jacket131
131,Clarks,Boots132
132,RestorationHardware,Bed133
133,Xiaomi,Phone134
134,Whirlpool,Kettle135
135,Zara,Sweater136
136,Adidas,Heels137
137,Wayfair,Chair138
138,HP,Camera139
139,Cuisinart,Oven140
140,Zara,Jeans141
141,Vans,Heels142
142,Haverty,Sofa143
143,Oppo,Phone144
144,Kenwood,Blender145
145,Uniqlo,Jacket146
146,Skechers,Heels147
147,Crate&Barrel,Bed148
148,Samsung,Phone149
149,Cuisinart,Blender150
,Uniqlo,Jeans151
150,Nike,Loafers152
151,Ikea,Chair153
152,Sony,Phone154
153,KitchenAid,Toaster155
154,Puma,Jacket156
155,Crocs,Sandals157
156,Haverty,Bed158
157,Dell,Laptop159
158,KitchenAid,Kettle160
159,Versace,Shirt161
160,Adidas,Loafers162
161,Haverty,Table163
162,HP,Smartwatch164
163,Kenwood,Mixer165
164,Puma,Jeans166
165,Adidas,Sneakers167
166,Ashley,Wardrobe168
167,Dell,Headphones169
168,Panasonic,Mixer170
169,Zara,Jeans171
170,Reebok,Loafers172
171,La-Z-Boy,Wardrobe173
172,Asus,Laptop174
173,Whirlpool,Mixer175
174,Puma,Shirt176
175,Nike,Sandals177
176,WestElm,Chair178
177,HP,Laptop179
178,Smeg,Kettle180
179,Gucci,Jacket181
180,Crocs,Loafers182
181,RestorationHardware,Sofa183
182,Lenovo,Smartwatch184
183,Smeg,Oven185
184,Uniqlo,Tshirt186
185,Skechers,Sneakers187
186,Wayfair,Wardrobe188
187,Oppo,Smartwatch189
188,HamiltonBeach,Toaster190
189,Levis,Shirt191
190,Adidas,Boots192
191,RestorationHardware,Bed193
192,Xiaomi,Smartwatch194
193,Panasonic,Mixer195
194,Versace,Tshirt196
195,Reebok,Boots197
196,Ikea,Table198
197,Xiaomi,Laptop199
198,Panasonic,Blender200
199,Adidas,Jacket201
200,Reebok,Sandals202
201,Wayfair,Sofa203
202,Oppo,Laptop204
203,Cuisinart,Kettle205
204,Prada,Tshirt206
205,Nike,Sneakers207
206,Ikea,Sofa208
207,Sony,Phone209
208,Kenwood,Oven210
209,Uniqlo,Sweater211
210,Adidas,Sneakers212
211,Ikea,Table213
212,Lenovo,Camera214
213,Smeg,Oven215
214,Uniqlo,Sweater216
215,Adidas,Boots217
216,Wayfair,Wardrobe218
217,HP,Phone219
218,Philips,Kettle220
219,Puma,Jacket221
220,Timberland,Sneakers222
221,Haverty,Bed223
222,Apple,Laptop224
223,Whirlpool,Oven225
224,H&M,Shirt226
225,Skechers,Heels227
226,CB2,Chair228
227,Oppo,Headphones229
228,Whirlpool,Oven230
229,Gucci,Sweater231
230,Converse,Loafers232
231,Wayfair,Bed233
232,Sony,Phone234
233,Panasonic,Mixer235
234,Prada,Sweater236
235,Nike,Sandals237
236,Ashley,Chair238
237,LG,Camera239
238,Philips,Oven240
239,H&M,Sweater241
240,Adidas,Loafers242
241,Crate&Barrel,Table243
242,Xiaomi,Headphones244
243,KitchenAid,Kettle245
244,Puma,Shirt246
245,Crocs,Boots247
246,Wayfair,Chair248
247,Lenovo,Headphones249
248,KitchenAid,Toaster250
50,Adidas,Jeans251
249,Crocs,Sandals252
250,RestorationHardware,Wardrobe253
251,Apple,Phone254
252,Kenwood,Blender255
253,Versace,Tshirt256
254,Vans,Heels257
255,PotteryBarn,Wardrobe258
256,Dell,Camera259
257,Panasonic,Blender260
258,Levis,Tshirt261
259,Vans,Sneakers262
260,Crate&Barrel,Table263
261,Xiaomi,Smartwatch264
262,Kenwood,Kettle265
263,Levis,Sweater266
264,Adidas,Loafers267
265,La-Z-Boy,Table268
266,Samsung,Headphones269
267,Cuisinart,Oven270
268,Prada,Jeans271
269,Crocs,Loafers272
270,Wayfair,Chair273
271,Apple,Laptop274
272,Whirlpool,Mixer275
273,Puma,Shirt276
274,Adidas,Sandals277
275,CB2,Wardrobe278
276,HP,Laptop279
277,Philips,Mixer280
278,Adidas,Jacket281
279,Vans,Sneakers282
280,Wayfair,Sofa283
281,Apple,Laptop284
282,HamiltonBeach,Toaster285
283,Nike,Sweater286
284,Timberland,Sneakers287
285,Ikea,Table288
286,Xiaomi,Smartwatch289
287,Cuisinart,Kettle290
288,Uniqlo,Sweater291
289,Timberland,Loafers292
290,Ashley,Sofa293
291,Samsung,Laptop294
292,Black+Decker,Toaster295
293,H&M,Shirt296
294,Reebok,Boots297
295,Ashley,Bed298
296,Samsung,Laptop299
297,KitchenAid,Oven300
,Gucci,Shirt301
298,Clarks,Loafers302
299,RestorationHardware,Table303
300,Samsung,Headphones304
301,Philips,Toaster305
302,Uniqlo,Jeans306
303,Converse,Heels307
304,Ikea,Sofa308
305,Asus,Headphones309
306,Black+Decker,Kettle310
307,Nike,Shirt311
308,Reebok,Boots312
309,La-Z-Boy,Table313
310,Asus,Phone314
311,Whirlpool,Blender315
312,Prada,Tshirt316
313,Vans,Sandals317
314,PotteryBarn,Table318
315,Dell,Smartwatch319
316,KitchenAid,Blender320
317,Levis,Shirt321
318,Timberland,Sneakers322
319,CB2,Bed323
320,Dell,Laptop324
321,Panasonic,Mixer325
322,Gucci,Jacket326
323,Reebok,Sneakers327
324,PotteryBarn,Chair328
325,Xiaomi,Laptop329
326,KitchenAid,Toaster330
327,Nike,Jeans331
328,Skechers,Loafers332
329,Haverty,Wardrobe333
330,Samsung,Headphones334
331,Cuisinart,Kettle335
332,Uniqlo,Shirt336
333,Timberland,Sandals337
334,La-Z-Boy,Bed338
335,Asus,Camera339
336,HamiltonBeach,Mixer340
337,H&M,Tshirt341
338,Nike,Boots342
339,Haverty,Chair343
340,Dell,Camera344
341,Kenwood,Blender345
342,Gucci,Tshirt346
343,Skechers,Sneakers347
344,PotteryBarn,Chair348
345,Xiaomi,Camera349
346,Black+Decker,Blender350
347,Levis,Tshirt351
348,Clarks,Sandals352
349,Ikea,Table353
350,Asus,Camera354
351,Kenwood,Mixer355
352,Prada,Shirt356
353,New Balance,Boots357
354,PotteryBarn,Sofa358
355,Xiaomi,Phone359
356,Philips,Blender360
357,H&M,Sweater361
358,Reebok,Boots362
359,La-Z-Boy,Sofa363
360,Apple,Laptop364
361,Philips,Blender365
362,Levis,Jacket366
363,Reebok,Loafers367
364,Ikea,Bed368
365,Dell,Laptop369
366,Black+Decker,Kettle370
367,Prada,Sweater371
368,Timberland,Heels372
369,Ashley,Bed373
370,Asus,Smartwatch374
371,Breville,Kettle375
372,Nike,Jacket376
373,Skechers,Sandals377
374,WestElm,Sofa378
375,Samsung,Phone379
376,Whirlpool,Kettle380
377,Nike,Shirt381
378,Vans,Sneakers382
379,Ikea,Bed383
380,Asus,Camera384
381,Smeg,Mixer385
382,Zara,Sweater386
383,Vans,Heels387
384,Crate&Barrel,Wardrobe388
385,Apple,Camera389
386,Cuisinart,Blender390
387,Versace,Jeans391
388,Reebok,Loafers392
389,Haverty,Wardrobe393
390,Dell,Camera394
391,Smeg,Mixer395
392,Puma,Shirt396
393,Nike,Sandals397
394,Haverty,Sofa398
395,Samsung,Camera399
396,Whirlpool,Oven400
50,Adidas,Tshirt401
397,Timberland,Heels402
398,Wayfair,Chair403
399,Lenovo,Laptop404
400,HamiltonBeach,Kettle405
401,Levis,Tshirt406
402,Converse,Loafers407
403,WestElm,Table408
404,Xiaomi,Laptop409
405,KitchenAid,Oven410
406,Prada,Shirt411
407,Timberland,Sandals412
408,Crate&Barrel,Wardrobe413
409,Sony,Camera414
410,Kenwood,Kettle415
411,Levis,Shirt416
412,Nike,Loafers417
413,Ikea,Bed418
414,Asus,Laptop419
415,Smeg,Oven420
416,Versace,Shirt421
417,Reebok,Heels422
418,CB2,Wardrobe423
419,Asus,Phone424
420,Whirlpool,Mixer425
421,Nike,Sweater426
422,Timberland,Boots427
423,Crate&Barrel,Chair428
424,Sony,Headphones429
425,Philips,Kettle430
426,Nike,Jeans431
427,Vans,Boots432
428,Ikea,Chair433
429,Dell,Phone434
430,Black+Decker,Blender435
431,H&M,Jacket436
432,Nike,Sandals437
433,CB2,Table438
434,Sony,Smartwatch439
435,KitchenAid,Oven440
436,Levis,Sweater441
437,Skechers,Sandals442
438,Wayfair,Chair443
439,HP,Smartwatch444
440,KitchenAid,Oven445
441,Adidas,Jacket446
442,Adidas,Heels447
443,Ikea,Bed448
444,Apple,Laptop449
445,Smeg,Oven450
446,Nike,Sweater451
447,Clarks,Boots452
448,Ikea,Chair453
449,Asus,Smartwatch454
450,Philips,Oven455
451,Adidas,Jacket456
452,Clarks,Boots457
453,WestElm,Wardrobe458
454,LG,Headphones459
455,Panasonic,Blender460
456,Puma,Sweater461
457,Reebok,Boots462
458,Ikea,Table463
459,Lenovo,Phone464
460,Breville,Kettle465
461,Versace,Jeans466
462,Adidas,Heels467
463,La-Z-Boy,Sofa468
464,Lenovo,Phone469
465,Panasonic,Mixer470
466,Uniqlo,Jacket471
467,Reebok,Sneakers472
468,Haverty,Bed473
469,Samsung,Phone474
470,Smeg,Kettle475
471,Gucci,Sweater476
472,Converse,Boots477
473,Haverty,Sofa478
474,Apple,Laptop479
475,KitchenAid,Mixer480
476,Puma,Jacket481
477,New Balance,Loafers482
478,PotteryBarn,Table483
479,Xiaomi,Smartwatch484
480,Cuisinart,Mixer485
481,Nike,Jeans486
482,Converse,Sandals487
483,WestElm,Bed488
484,Lenovo,Phone489
485,Smeg,Blender490
486,H&M,Jeans491
487,Skechers,Sneakers492
488,CB2,Chair493
489,LG,Laptop494
490,Panasonic,Oven495
491,Nike,Shirt496
492,Adidas,Boots497
493,La-Z-Boy,Chair498
494,Apple,Laptop499
495,Smeg,Oven500
496,Zara,Sweater501
497,Reebok,Sneakers502
498,Haverty,Table503
499,Apple,Headphones504
500,Breville,Oven505
501,Puma,Shirt506
502,Reebok,Loafers507
503,Ikea,Bed508
504,Asus,Phone509
505,Whirlpool,Blender510
506,Versace,Jeans511
507,Converse,Loafers512
508,Haverty,Table513
509,Apple,Laptop514
510,Smeg,Oven515
511,Uniqlo,Tshirt516
512,Crocs,Sandals517
513,Crate&Barrel,Sofa518
514,Dell,Headphones519
515,Smeg,Blender520
516,H&M,Sweater521
517,Skechers,Boots522
518,Haverty,Chair523
519,Oppo,Laptop524
520,Cuisinart,Toaster525
521,Puma,Sweater526
522,Crocs,Loafers527
523,CB2,Bed528
524,Dell,Camera529
525,Panasonic,Toaster530
526,Puma,Shirt531
527,Vans,Loafers532
528,Crate&Barrel,Bed533
529,Samsung,Laptop534
530,KitchenAid,Oven535
531,Versace,Tshirt536
532,Timberland,Sneakers537
533,PotteryBarn,Chair538
534,Oppo,Headphones539
535,Breville,Mixer540
536,Zara,Shirt541
537,Crocs,Loafers542
538,PotteryBarn,Table543
539,Sony,Laptop544
540,Panasonic,Kettle545
541,Puma,Jacket546
542,Clarks,Heels547
543,Wayfair,Table548
544,LG,Phone549
545,Whirlpool,Toaster550
546,H&M,Sweater551
547,Converse,Sneakers552
548,PotteryBarn,Bed553
549,Samsung,Headphones554
550,Philips,Blender555
551,Adidas,Jacket556
552,Nike,Loafers557
553,CB2,Chair558
554,LG,Laptop559
555,Black+Decker,Mixer560
556,Puma,Shirt561
557,Timberland,Heels562
558,Crate&Barrel,Sofa563
559,LG,Smartwatch564
560,Breville,Kettle565
561,Adidas,Jacket566
562,Adidas,Sandals567
563,RestorationHardware,Chair568
564,Oppo,Camera569
565,HamiltonBeach,Kettle570
566,Versace,Jacket571
567,Crocs,Sandals572
568,PotteryBarn,Sofa573
569,Samsung,Phone574
570,Whirlpool,Toaster575
571,Levis,Sweater576
572,Reebok,Loafers577
573,Haverty,Chair578
574,HP,Smartwatch579
575,Smeg,Toaster580
576,Nike,Tshirt581
577,Skechers,Sandals582
578,Wayfair,Sofa583
579,Apple,Camera584
580,HamiltonBeach,Blender585
581,Adidas,Jacket586
582,Converse,Sandals587
583,PotteryBarn,Bed588
584,Xiaomi,Smartwatch589
585,Breville,Blender590
586,Uniqlo,Tshirt591
587,Adidas,Loafers592
588,RestorationHardware,Bed593
589,LG,Phone594
590,Black+Decker,Kettle595
591,Gucci,Jeans596
592,Converse,Loafers597
593,La-Z-Boy,Table598
594,Dell,Headphones599
595,Cuisinart,Kettle600
,Levis,Jeans601
596,Clarks,Sneakers602
597,RestorationHardware,Sofa603
598,Lenovo,Phone604
599,Kenwood,Blender605
600,Nike,Tshirt606
601,Adidas,Sneakers607
602,La-Z-Boy,Sofa608
603,HP,Phone609
604,Breville,Kettle610
605,Levis,Jacket611
606,Reebok,Sneakers612
607,Haverty,Chair613
608,Sony,Headphones614
609,HamiltonBeach,Mixer615
610,Zara,Shirt616
611,Converse,Sneakers617
612,Crate&Barrel,Chair618
613,Xiaomi,Smartwatch619
614,Whirlpool,Blender620
615,Adidas,Shirt621
616,Reebok,Boots622
617,Ikea,Bed623
618,LG,Laptop624
619,Black+Decker,Oven625
620,Gucci,Shirt626
621,Adidas,Boots627
622,Crate&Barrel,Sofa628
623,Apple,Headphones629
624,Philips,Oven630
625,Zara,Shirt631
626,Clarks,Heels632
627,WestElm,Bed633
628,Oppo,Phone634
629,KitchenAid,Oven635
630,Nike,Sweater636
631,Adidas,Loafers637
632,RestorationHardware,Wardrobe638
633,Xiaomi,Camera639
634,Black+Decker,Blender640
635,H&M,Jacket641
636,Reebok,Boots642
637,CB2,Bed643
638,Apple,Camera644
639,Whirlpool,Mixer645
640,Levis,Tshirt646
641,New Balance,Sneakers647
642,RestorationHardware,Chair648
643,Sony,Headphones649
644,HamiltonBeach,Toaster650
645,Zara,Tshirt651
646,Nike,Sandals652
647,CB2,Bed653
648,HP,Camera654
649,KitchenAid,Mixer655
650,Zara,Jacket656
651,New Balance,Boots657
652,Haverty,Bed658
653,Apple,Phone659
654,Whirlpool,Blender660
655,Prada,Tshirt661
656,Clarks,Sneakers662
657,RestorationHardware,Wardrobe663
658,Dell,Camera664
659,Breville,Blender665
660,Levis,Jeans666
661,Timberland,Heels667
662,Haverty,Bed668
663,Asus,Camera669
664,Philips,Kettle670
665,H&M,Tshirt671
666,Clarks,Sandals672
667,RestorationHardware,Wardrobe673
668,HP,Phone674
669,Cuisinart,Mixer675
670,Puma,Sweater676
671,Vans,Loafers677
672,CB2,Wardrobe678
673,Asus,Smartwatch679
674,Black+Decker,Blender680
675,Prada,Shirt681
676,Vans,Boots682
677,RestorationHardware,Wardrobe683
678,HP,Laptop684
679,Philips,Oven685
680,Levis,Jeans686
681,New Balance,Heels687
682,Ikea,Chair688
683,Dell,Camera689
684,KitchenAid,Toaster690
685,Gucci,Jacket691
686,Reebok,Sandals692
687,RestorationHardware,Sofa693
688,Xiaomi,Camera694
689,Breville,Blender695
690,Puma,Sweater696
691,Vans,Sneakers697
692,Wayfair,Chair698
693,Asus,Smartwatch699
694,Panasonic,Mixer700
695,Adidas,Shirt701
696,Timberland,Sneakers702
697,WestElm,Sofa703
698,Sony,Phone704
699,Whirlpool,Blender705
700,H&M,Jeans706
701,Clarks,Loafers707
702,La-Z-Boy,Chair708
703,Apple,Headphones709
704,Cuisinart,Oven710
705,Prada,Shirt711
706,Converse,Sneakers712
707,Ikea,Sofa713
708,Samsung,Headphones714
709,Panasonic,Blender715
710,Zara,Jeans716
711,Skechers,Sandals717
712,La-Z-Boy,Bed718
713,Dell,Camera719
714,Philips,Kettle720
715,Gucci,Jeans721
716,New Balance,Loafers722
717,PotteryBarn,Sofa723
718,Xiaomi,Laptop724
719,KitchenAid,Toaster725
720,Prada,Sweater726
721,Crocs,Boots727
722,Ikea,Chair728
723,Xiaomi,Laptop729
724,Panasonic,Oven730
725,Uniqlo,Jeans731
726,New Balance,Sandals732
727,Ashley,Wardrobe733
728,Apple,Camera734
729,Smeg,Kettle735
730,Nike,Shirt736
731,Timberland,Sneakers737
732,Wayfair,Table738
733,Dell,Phone739
734,Cuisinart,Blender740
735,Levis,Sweater741
736,Timberland,Sandals742
737,PotteryBarn,Sofa743
738,Lenovo,Camera744
739,Panasonic,Oven745
740,Prada,Jeans746
741,Timberland,Boots747
742,Ikea,Table748
743,Oppo,Smartwatch749
744,Smeg,Kettle750
745,H&M,Jacket751
746,Skechers,Sneakers752
747,Wayfair,Chair753
748,HP,Camera754
749,HamiltonBeach,Blender755
750,Zara,Sweater756
751,Vans,Sandals757
752,WestElm,Wardrobe758
753,Lenovo,Smartwatch759
754,Kenwood,Blender760
755,Zara,Shirt761
756,Skechers,Loafers762
757,RestorationHardware,Sofa763
758,Lenovo,Phone764
759,Panasonic,Oven765
760,Gucci,Jacket766
761,Timberland,Boots767
762,Ashley,Wardrobe768
763,LG,Camera769
764,Breville,Blender770
765,Versace,Tshirt771
766,Timberland,Sneakers772
767,La-Z-Boy,Sofa773
768,Xiaomi,Phone774
769,KitchenAid,Oven775
770,H&M,Jeans776
771,Adidas,Sneakers777
772,PotteryBarn,Wardrobe778
773,LG,Smartwatch779
774,Black+Decker,Kettle780
775,Adidas,Jeans781
776,Nike,Sandals782
777,RestorationHardware,Table783
778,Lenovo,Headphones784
779,Whirlpool,Kettle785
780,Adidas,Jacket786
781,Reebok,Sneakers787
782,PotteryBarn,Sofa788
783,Samsung,Phone789
784,Philips,Blender790
785,Versace,Tshirt791
786,Nike,Loafers792
787,PotteryBarn,Sofa793
788,Apple,Smartwatch794
789,Smeg,Mixer795
790,Prada,Shirt796
791,Timberland,Sandals797
792,CB2,Sofa798
793,Samsung,Phone799
794,Kenwood,Mixer800
795,Puma,Sweater801
796,Timberland,Loafers802
797,CB2,Chair803
798,Xiaomi,Smartwatch804
799,Black+Decker,Oven805
800,Prada,Shirt806
801,Vans,Loafers807
802,Ashley,Bed808
803,Lenovo,Smartwatch809
804,Breville,Toaster810
805,Versace,Shirt811
806,Vans,Loafers812
807,La-Z-Boy,Sofa813
808,Lenovo,Laptop814
809,Kenwood,Kettle815
810,Levis,Jacket816
811,Vans,Boots817
812,Crate&Barrel,Chair818
813,Asus,Camera819
814,Cuisinart,Blender820
815,Nike,Jacket821
816,Crocs,Heels822
817,La-Z-Boy,Table823
818,Sony,Camera824
819,HamiltonBeach,Toaster825
820,Adidas,Jacket826
821,Converse,Boots827
822,CB2,Wardrobe828
823,Asus,Camera829
824,Smeg,Oven830
825,Levis,Jeans831
826,Reebok,Boots832
827,La-Z-Boy,Chair833
828,Xiaomi,Smartwatch834
829,Whirlpool,Mixer835
830,Gucci,Shirt836
831,Timberland,Sandals837
832,Ashley,Table838
833,Apple,Camera839
834,Black+Decker,Blender840
835,Nike,Shirt841
836,Crocs,Sneakers842
837,Ashley,Bed843
838,Lenovo,Smartwatch844
839,Breville,Kettle845
840,Levis,Jeans846
841,New Balance,Sandals847
842,RestorationHardware,Bed848
843,Samsung,Phone849
844,Breville,Kettle850
845,Adidas,Jeans851
846,Clarks,Heels852
847,Wayfair,Wardrobe853
848,Samsung,Headphones854
849,Whirlpool,Toaster855
850,Uniqlo,Shirt856
851,Timberland,Sandals857
852,Ikea,Table858
853,Oppo,Headphones859
854,Breville,Kettle860
855,Uniqlo,Tshirt861
856,New Balance,Sneakers862
857,Crate&Barrel,Sofa863
858,Lenovo,Camera864
859,Black+Decker,Toaster865
860,Nike,Shirt866
861,Crocs,Sneakers867
862,Ikea,Chair868
863,Asus,Headphones869
864,Breville,Kettle870
865,H&M,Jacket871
866,Timberland,Sandals872
867,RestorationHardware,Wardrobe873
868,Apple,Phone874
869,Philips,Mixer875
870,Puma,Shirt876
871,Reebok,Boots877
872,RestorationHardware,Wardrobe878
873,Lenovo,Phone879
874,Breville,Toaster880
875,Levis,Shirt881
876,Converse,Loafers882
877,Haverty,Chair883
878,LG,Camera884
879,Cuisinart,Toaster885
880,Nike,Sweater886
881,Vans,Heels887
882,CB2,Sofa888
883,Apple,Laptop889
884,Panasonic,Kettle890
885,Levis,Jeans891
886,New Balance,Boots892
887,RestorationHardware,Chair893
888,Lenovo,Camera894
889,KitchenAid,Oven895
890,Versace,Jeans896
891,Nike,Sandals897
892,Ikea,Sofa898
893,Apple,Smartwatch899
894,HamiltonBeach,Kettle900
895,Levis,Shirt901
896,Adidas,Sandals902
897,Wayfair,Sofa903
898,Samsung,Smartwatch904
899,Whirlpool,Toaster905
900,Versace,Jeans906
901,Nike,Sneakers907
902,Ashley,Chair908
903,Lenovo,Phone909
904,Breville,Toaster910
905,Zara,Shirt911
906,Crocs,Sneakers912
907,CB2,Wardrobe913
908,Apple,Headphones914
909,Panasonic,Oven915
910,Adidas,Tshirt916
911,Crocs,Heels917
912,Wayfair,Sofa918
913,Asus,Smartwatch919
914,Kenwood,Kettle920
915,Adidas,Shirt921
916,Converse,Boots922
917,WestElm,Sofa923
918,Xiaomi,Laptop924
919,Black+Decker,Oven925
920,Levis,Tshirt926
921,Converse,Boots927
922,Wayfair,Bed928
923,LG,Camera929
924,Philips,Kettle930
925,Versace,Jacket931
926,Vans,Sandals932
927,PotteryBarn,Wardrobe933
928,Oppo,Camera934
929,Breville,Kettle935
930,H&M,Tshirt936
931,Skechers,Heels937
932,La-Z-Boy,Bed938
933,Sony,Smartwatch939
934,Panasonic,Mixer940
935,Gucci,Shirt941
936,Vans,Heels942
937,Crate&Barrel,Chair943
938,Apple,Headphones944
939,Panasonic,Blender945
940,Nike,Sweater946
941,Vans,Loafers947
942,WestElm,Bed948
943,Sony,Headphones949
944,Philips,Toaster950
945,H&M,Jeans951
946,Adidas,Boots952
947,Crate&Barrel,Wardrobe953
948,Dell,Smartwatch954
949,Panasonic,Blender955
950,Uniqlo,Jacket956
951,Vans,Boots957
952,Haverty,Chair958
953,Xiaomi,Headphones959
954,Kenwood,Toaster960
955,Adidas,Tshirt961
956,New Balance,Loafers962
957,CB2,Bed963
958,HP,Laptop964
959,Kenwood,Mixer965
960,Gucci,Tshirt966
961,Converse,Sneakers967
962,Wayfair,Sofa968
963,HP,Headphones969
964,Breville,Oven970
965,Prada,Jeans971
966,Adidas,Loafers972
967,La-Z-Boy,Bed973
968,LG,Headphones974
969,Philips,Toaster975
970,Nike,Shirt976
971,Skechers,Sneakers977
972,Crate&Barrel,Bed978
973,Samsung,Phone979
974,Black+Decker,Kettle980
975,Versace,Shirt981
976,Timberland,Heels982
977,Wayfair,Chair983
978,Asus,Headphones984
979,Panasonic,Kettle985
980,Uniqlo,Tshirt986
981,Skechers,Loafers987
982,Ashley,Sofa988
983,Sony,Camera989
984,Philips,Mixer990
985,H&M,Sweater991
986,Clarks,Heels992
987,WestElm,Table993
988,Dell,Camera994
989,Philips,Mixer995
990,Prada,Sweater996
991,Clarks,Loafers997
992,Wayfair,Table998
993,Samsung,Headphones999
994,KitchenAid,Oven1000
